{
  "month": [
    "2018-04",
    "2018-05",
    "2018-06",
    "2018-07",
    "2018-08",
    "2018-09",
    "2018-10",
    "2018-11",
    "2018-12",
    "2019-01",
    "2019-02",
    "2019-03",
    "2019-04",
    "2019-05",
    "2019-06",
    "2019-07",
    "2019-08",
    "2019-09"
  ],
  "nyseMarketShareInTapeC": [
    0.001902452,
    0.00928663,
    0.01102561,
    0.01394173,
    0.01260838,
    0.01211251,
    0.01473987,
    0.01584035,
    0.01902164,
    0.01810233,
    0.01803559,
    0.01964385,
    0.01816022,
    0.01892466,
    0.01652825,
    0.01512109,
    0.01680676,
    0.0158374
  ],
  "nasdaqMarketShareInTapeA": [
    0.09872582,
    0.09790258,
    0.09709424,
    0.1071561,
    0.1092759,
    0.1037074,
    0.1232405,
    0.1233104,
    0.1203663,
    0.1229041,
    0.120053,
    0.1160292,
    0.1168928,
    0.1290458,
    0.1243864,
    0.1328388,
    0.1326139,
    0.1221189
  ]
}
