{"year":[2008,2009,2010,2011,2012,2013,2014,2015,2016,2017,2018,2019],"mktShareA":[57.19884,57.76711,56.97795,55.4132,56.47609,54.39208,52.43463,53.0085,53.15047,52.39777,49.6428,50.6197],"mktShareB":[16.83389,19.32906,17.15311,18.78631,16.34804,17.12501,17.11716,19.60284,20.90455,18.18306,19.60407,18.83754],"mktShareC":[25.96728,22.90383,25.86894,25.80049,27.17586,28.48291,30.44821,27.38866,25.94498,29.41918,30.75313,30.54276]}
