{
  "year": [2008, 2009, 2010, 2011, 2012, 2013, 2014, 2015, 2016, 2017, 2018, 2019],
  "CBOE": [0.001553126, 0.001517211, 0.002513032, 0.001154305, 0.003647843, 0.004147346, 0.0008273976, 0, 0, 0, 0, 0],
  "CBOE BYX": [
    0,
    0,
    0.001711023,
    0.02233438,
    0.0300008,
    0.01965342,
    0.03082055,
    0.04085694,
    0.04337259,
    0.04873961,
    0.04718219,
    0.03991187
  ],
  "CBOE BZX": [
    0.01712512,
    0.1022285,
    0.1006168,
    0.09076816,
    0.08849648,
    0.08392778,
    0.07803235,
    0.07132131,
    0.06491506,
    0.05971903,
    0.06462826,
    0.05539952
  ],
  "CBOE EDGA": [
    0,
    0,
    0.01792306,
    0.03571367,
    0.02584397,
    0.02998067,
    0.02694379,
    0.02663557,
    0.02571326,
    0.01798313,
    0.01366565,
    0.02171682
  ],
  "CBOE EDGX": [
    0,
    0,
    0.01933663,
    0.05888192,
    0.06744347,
    0.0762213,
    0.06787677,
    0.07230856,
    0.07239488,
    0.06396302,
    0.05832063,
    0.04587728
  ],
  "IEX": [0, 0, 0, 0, 0, 0, 0, 0, 0.005370828, 0.02203966, 0.02449299, 0.02753505],
  "NASDAQ": [
    0.2994096,
    0.213259,
    0.1878663,
    0.180777,
    0.1703731,
    0.1562811,
    0.1710157,
    0.1587936,
    0.1399825,
    0.1416641,
    0.1589994,
    0.1744028
  ],
  "NASDAQ BX": [
    0,
    0.01697694,
    0.03337244,
    0.02149014,
    0.02638685,
    0.02462354,
    0.02500902,
    0.01971339,
    0.02374147,
    0.03118962,
    0.02848183,
    0.01882868
  ],
  "NASDAQ ISE": [0.01101148, 0.0188405, 0.008313444, 0, 0, 0, 0, 0, 0, 0, 0, 0],
  "NASDAQ PSX": [
    0.0005673296,
    0,
    0.001162175,
    0.01019435,
    0.01086213,
    0.006940611,
    0.005658153,
    0.009635768,
    0.009957686,
    0.007769261,
    0.007597216,
    0.00725575
  ],
  "NYSE": [
    0.1684241,
    0.1407456,
    0.1354423,
    0.1322114,
    0.1180604,
    0.1163867,
    0.1139094,
    0.1268429,
    0.1329333,
    0.1311558,
    0.1280733,
    0.1343907
  ],
  "NYSE American": [
    0.004202999,
    0.001779399,
    0.002544374,
    0.003592237,
    0.00228655,
    0.002912972,
    0.003315428,
    0.002375266,
    0.002123802,
    0.002517418,
    0.003397272,
    0.003558832
  ],
  "NYSE Arca": [
    0.1799778,
    0.1530225,
    0.1390412,
    0.131038,
    0.1196199,
    0.105742,
    0.1074679,
    0.1115833,
    0.1073326,
    0.09304159,
    0.09190951,
    0.08497624
  ],
  "NYSE Chicago": [
    0.004294733,
    0.003916805,
    0.004019295,
    0.003377,
    0.004028267,
    0.004353622,
    0.004475207,
    0.005400293,
    0.004398395,
    0.004575037,
    0.005213556,
    0.00450957
  ],
  "NYSE National": [
    0.01515979,
    0.0067369,
    0.006385692,
    0.005635292,
    0.003687354,
    0.00443541,
    0.001411458,
    5.160788e-8,
    9.235677e-5,
    1.3421e-5,
    0.004686542,
    0.01253186
  ],
  "TRF": [
    0.298274,
    0.3409766,
    0.3397522,
    0.3028321,
    0.3292628,
    0.3643935,
    0.3632369,
    0.3545331,
    0.3676712,
    0.3756293,
    0.3633517,
    0.3691051
  ]
}
