{"y":{"period":[2010,2011,2012,2013,2014,2015,2016,2017,2018,2019],"totalShares":[2.135634e+012,1.974858e+012,1.609339e+012,1.559231e+012,1.616477e+012,1.741808e+012,1.851935e+012,1.638362e+012,1.837773e+012,1.771588e+012],"changePct":[-0.1318003,-0.0752829,-0.1850859,-0.03113621,0.03671417,0.07753359,0.06322591,-0.1153244,0.1217134,-0.03601331]},"h":{"period":["2010H1","2010H2","2011H1","2011H2","2012H1","2012H2","2013H1","2013H2","2014H1","2014H2","2015H1","2015H2","2016H1","2016H2","2017H1","2017H2","2018H1","2018H2","2019H1","2019H2"],"totalShares":[1.177783e+012,9.578516e+011,9.452549e+011,1.029603e+012,8.545737e+011,7.547657e+011,8.04934e+011,7.542967e+011,8.048836e+011,8.115929e+011,8.22039e+011,9.197688e+011,9.857422e+011,8.66193e+011,8.559248e+011,7.824371e+011,9.03849e+011,9.339235e+011,8.959622e+011,8.756261e+011],"changePctLp":[0.05179399,-0.1867334,-0.01315097,0.08923307,-0.1699968,-0.1167927,0.06646867,-0.06290866,0.06706504,0.008335742,0.01287102,0.1188872,0.07172819,-0.1212784,-0.01185439,-0.08585766,0.1551715,0.03327375,-0.04064712,-0.02269752],"changePctSply":[-0.1210952,-0.1446111,-0.1974286,0.0749086,-0.09593305,-0.2669351,-0.05808708,-0.0006214489,-6.259213e-005,0.07595982,0.02131405,0.1332884,0.1991429,-0.05824924,-0.1316951,-0.09669426,0.05599117,0.1936084,-0.008725848,-0.06242205]},"q":{"period":["2010Q1","2010Q2","2010Q3","2010Q4","2011Q1","2011Q2","2011Q3","2011Q4","2012Q1","2012Q2","2012Q3","2012Q4","2013Q1","2013Q2","2013Q3","2013Q4","2014Q1","2014Q2","2014Q3","2014Q4","2015Q1","2015Q2","2015Q3","2015Q4","2016Q1","2016Q2","2016Q3","2016Q4","2017Q1","2017Q2","2017Q3","2017Q4","2018Q1","2018Q2","2018Q3","2018Q4","2019Q1","2019Q2","2019Q3","2019Q4"],"totalShares":[5.268078e+011,6.509751e+011,4.830956e+011,4.747559e+011,4.924631e+011,4.527918e+011,5.604953e+011,4.691075e+011,4.232637e+011,4.3131e+011,3.772045e+011,3.775612e+011,3.825114e+011,4.224226e+011,3.693538e+011,3.849429e+011,4.235697e+011,3.813139e+011,3.633603e+011,4.482326e+011,4.218619e+011,4.001771e+011,4.685378e+011,4.512311e+011,5.216617e+011,4.640805e+011,4.214486e+011,4.447444e+011,4.242473e+011,4.316775e+011,3.815941e+011,4.00843e+011,4.648979e+011,4.389511e+011,3.999307e+011,5.339928e+011,4.590695e+011,4.368927e+011,4.433063e+011,4.323198e+011],"changePctLp":[0.002401847,0.2356975,-0.2578893,-0.01726298,0.03729731,-0.08055679,0.2378654,-0.1630483,-0.09772558,0.01900999,-0.1254445,0.0009457295,0.01311089,0.1043399,-0.1256296,0.04220634,0.1003443,-0.09976106,-0.04708349,0.233576,-0.05883259,-0.05140272,0.1708262,-0.03693773,0.1560855,-0.1103804,-0.09186313,0.05527553,-0.04608725,0.01751362,-0.1160204,0.0504435,0.1598004,-0.05581173,-0.08889477,0.3352134,-0.1403078,-0.04830802,0.01467996,-0.02478314],"changePctSply":[-0.2100991,-0.03291111,-0.1870352,-0.0966417,-0.06519412,-0.3044407,0.1602162,-0.01189749,-0.1405168,-0.04744311,-0.3270158,-0.1951499,-0.09628118,-0.0206055,-0.02081283,0.01955085,0.1073387,-0.09731647,-0.0162269,0.1644133,-0.004031903,0.04946875,0.2894577,0.006689527,0.2365698,0.1596879,-0.1005024,-0.01437548,-0.1867385,-0.06982201,-0.09456555,-0.09871147,0.09581803,0.01684982,0.04805264,0.3321744,-0.01253702,-0.004689397,0.1084578,-0.1904015]}}
